"Group","SampID","Type..sediment.or.soil.","Easting","Northing","Depth_upper_cm","Depth_lower_cm","pH","EC","Sample.ID","Group.1","Sample","ICP.Sample.ID","weight","volume","Al","As","Ba","Ca","Cd","Ce","Co","Cr","Cu","Fe","Gd","K","La","Li","Mg","Mn","Mo","Na","Nd","Ni","P","Pb","S","Sr","Th","V","Y","Zn","Longitude","Latitude"
1,"G1S1","Sediment",399989,6468038,NA,"",7.62,3.25,"Group 4 Sample 1",4,"1","ENVT 3361_AR dig_1",0.301,20,11530.429,2.84,45.142,798.092,0.023,14.882,1.784,22.248,93.661,32507.01,1.904,1553.812,9.038,7.104,810.3,49.603,2.932,353.926,6.82,5.022,113.89,70.887,2276.466,9.18,9.118,31.694,1.628,30.1,115.942136187067,-31.9191471036149
1,"G1S2","Sediment",399981,6468037,NA,"",7.15,5.37,"Group 4 Sample 2",4,"2","ENVT 3361_AR dig_2",0.305,20,20310.961,15.862,31.098,1780.052,0.906,23.112,10.944,45.239,172.649,60515.527,2.791,1430.588,12.554,14.302,2342.807,51.882,4.567,1435.835,10.885,12.546,448.883,70.765,12418.36,22.09,14.182,90.875,4.611,514.684,115.942051476348,-31.9191554194424
1,"G1S3","Sediment",399971,6468035,NA,"",5.59,11.65,"Group 4 Sample 3",4,"3","ENVT 3361_AR dig_3",0.307,20,11396.64,13.899,16.268,861.029,0.74,24.092,13.557,20.42,206.927,35730.078,2.373,696.601,11.535,9.014,1249.403,35.659,3.303,1910.867,10.411,9.667,232.78,67.901,9508.542,11.589,6.647,26.072,5.088,419.567,115.941945510475,-31.9191725794357
1,"G1S4","Sediment",399958,6468028,NA,"",4.95,8.82,"Group 4 Sample 4",4,"4","ENVT 3361_AR dig_4",0.304,20,15019.043,2.751,66.906,708.632,0.069,26.018,4.086,22.998,26.281,18919.436,1.981,971.041,12.083,13.251,1203.1,36.109,3.504,1274.289,11.031,5.519,138.873,25.809,1494.597,18.32,9.399,32.87,4.204,57.013,115.941807300329,-31.9192345769868
1,"G1S5","Sediment",399944,6468023,NA,"",4.01,8.56,"Group 4 Sample 5",4,"5","ENVT 3361_AR dig_5",0.303,20,23688.514,3.263,77.777,951.773,0.049,26.445,4.646,51.393,24.168,37175.589,2.7,1814.273,13.514,22.425,2356.118,49.904,6.545,2793.347,11.725,9.046,92.248,11.417,1356.209,25.68,19.798,79.97,4.46,39.653,115.941658720654,-31.9192784455084
1,"G1S6","Sediment",399930,6468017,NA,"",4.84,13.09,"Group 4 Sample 6",4,"6","ENVT 3361_AR dig_6",0.301,20,30297.69,2.444,45.039,1501.018,0.103,88.743,8.624,50.362,36.159,38361.311,6.343,2376.757,41.224,28.323,2425.485,90.249,2.866,3452.918,34.369,17.428,287.984,27.989,5956.044,24.093,14.613,63.233,20.792,102.875,115.941510037528,-31.9193313342366
1,"G1S7","Sediment",399919,6468014,NA,"",4.89,24.34,"Group 4 Sample 7",4,"7","ENVT 3361_AR dig_7",0.301,20,26872.601,26.16,55.385,2808.897,1.411,43.799,21.594,43.084,522.617,70015.748,4.469,1431.164,21.508,24.071,3168.899,86.13,4.795,6490.209,19.458,21.86,1264.762,207.434,13009.731,41.444,10.94,61.985,11.458,1134.565,115.941393392086,-31.9193574260266
1,"G1S8","Sediment",399908,6468006,NA,"",5.16,6.63,"Group 4 Sample 8",4,"8","ENVT 3361_AR dig_8",0.302,20,18427.4,4.233,44.975,1370.198,0.335,24.295,6.066,34.491,183.562,25409.929,2.006,1244.139,12.875,18.774,2040.581,51.322,3.022,3988.242,9.937,10.978,513.337,61.501,5310.19,27.442,12.018,44.079,4.747,249.737,115.941276229891,-31.9194286196229
2,"1S","Sediment",399981,6468052,0,"15",6.67,12940,"Group 1 Sample 1",1,"1","ENVT 3361_AR dig_10",0.296,20,8995.658,4.759,26.518,5180.437,0.188,11.383,29.368,11.002,18.978,28836.119,1.244,889.301,8.376,5.973,3377.715,78.634,2.287,14529.719,4.697,9.439,630.308,31.13,32366.325,60.518,2.083,17.713,3.014,4176.907,115.942053025263,-31.9190201136567
2,"2S","Sediment",399969,6468080,0,"15",3.53,1341,"Group 1 Sample 2",1,"2","ENVT 3361_AR dig_11",0.337,20,37131.035,6.047,67.998,3283.108,0.626,93.038,19.682,80.387,75.768,44686.902,6.511,3265.872,48.59,37.764,5394.597,46.337,5.368,19143.91,36.624,24.418,544.448,43.231,17944.005,83.624,15.674,82.507,22.98,1215.075,115.941929005883,-31.9187664859213
2,"2Sb","Sediment",399969,6468080,15,"30",4.62,2013,"Group 1 Sample 3",1,"3","ENVT 3361_AR dig_12",0.375,20,28699.178,3.118,50.491,4433.278,0.151,81.589,9.318,50.612,54.653,48560.901,5.726,3090.659,41.451,27.687,8367.824,56.069,2.746,38387.77,32.484,21.471,419.343,32.008,13923.128,89.262,15.264,68.645,20.413,417.868,115.941929005883,-31.9187664859213
2,"3S","Sediment",399960,6468093,0,"15",4.74,2923,"Group 1 Sample 4",1,"4","ENVT 3361_AR dig_13",0.309,20,33881.942,NA,93.672,2842.38,0.092,80.952,8.964,65.437,62.927,53061.11,5.895,2983.725,41.873,27.74,5790.175,54.268,3.05,21378.985,33.058,21.983,532.836,41.762,9875.013,73.277,18.632,83.823,18.114,269.586,115.94183516554,-31.9186484281296
2,"4S","Sediment",399939,6468110,0,"15",4.22,1575,"Group 1 Sample 5",1,"5","ENVT 3361_AR dig_14",0.318,20,31221.921,6.946,61.23,3054.149,0.047,82.85,6.717,55.1,50.479,71546.265,6.9,3107.118,41.53,28.228,5124.718,41.251,4.52,22022.801,34.936,19.669,743.705,34.742,8537.621,82.658,12.395,89.029,20.203,172.773,115.941614828318,-31.9184932314958
2,"5S","Sediment",399934,6468116,0,"15",4.93,1046,"Group 1 Sample 6",1,"6","ENVT 3361_AR dig_15",0.297,20,34764.523,3.607,65.068,4217.703,0.03,72.521,7.381,55.478,58.281,38441.078,5.385,2968.959,35.408,33.333,6137.23,37.703,3.423,28149.199,29.031,18.37,465.39,36.922,8912.535,102.986,16.027,72.347,17.222,176.091,115.941562568877,-31.9184386686336
2,"6S","Sediment",399927,6468136,0,"15",5.58,738,"Group 1 Sample 7",1,"7","ENVT 3361_AR dig_16",0.29,20,27925.553,4.692,73.924,5528.129,0.06,64.463,8.515,52.234,59.852,59782.919,5.018,2820.133,33.233,26.164,5927.74,38.149,4.957,25058.352,27.139,17.051,764.611,39.357,16097.43,149.032,14.561,83.909,15.3,184.605,115.941490604192,-31.9182576441237
2,"7S","Sediment",399913,6468165,0,"15",5.62,739,"Group 1 Sample 8",1,"8","ENVT 3361_AR dig_17",0.33,20,29649.591,4.274,44.419,6204.103,0.054,59.024,6.211,50.493,56.448,37017.459,4.567,2956.635,29.319,30.371,6864.035,34.685,3.871,38663.489,24.686,17.37,457.343,36.077,12093.011,105.371,14.785,69.778,13.812,133.966,115.94134553906,-31.9179948192227
2,"8S","Sediment",399993,6468025,0,"15",5.25,15150,"Group 1  Extra Sample",1,"9","ENVT 3361_AR dig_18",0.322,20,17945.92,6.649,44.748,4698.582,0.263,30.218,16.714,30.93,51.149,135487.912,5.29,2715.108,18.721,16.231,8721.72,50.791,5.135,51441.802,17.006,22.84,698.316,25.241,46640.628,97.547,7.832,62.974,9.939,800.804,115.942177148557,-31.9192647208898
2,"9S","Sediment",400006,6467977,0,"15",6.47,6060,"Group 3 Sample 1",3,"1","ENVT 3361_AR dig_21",0.306,20,23331.767,6.842,32.789,3310.881,0.248,51.885,11.952,36.352,78.596,32906.251,3.899,1381.843,27.081,26.903,3184.052,102.557,2.444,7617.697,20.653,14.781,319.682,39.197,14969.704,44.503,12.558,54.863,14.093,232.561,115.942309680472,-31.9196988441599
2,"10S","Sediment",399973,6468065,0,"15",3.49,10450,"Group 3 Sample 2",3,"2","ENVT 3361_AR dig_22",0.303,20,25080.264,5.257,28.179,1967.335,0.038,51,7.898,34.301,25.742,24377.585,3.697,1265.454,26.422,31.108,2411.947,67.279,1.574,3924.61,19.937,12.259,169.761,23.326,5784.917,29.249,11.339,43.668,13.319,58.959,115.941969760416,-31.9189021440321
3,"1","Sediment",400068,6467981,NA,"",7.54,2656,"Group 3 Sample 3",3,"3","ENVT 3361_AR dig_23",0.298,20,20599.523,8.542,25.878,2624.151,0.189,48.913,16.681,30.599,70.317,47878.077,4.065,1229.532,26.482,23.385,2631.4,114.935,1.712,4204.709,19.342,17.27,340.454,49.879,16081.968,39.301,8.075,48.705,13.229,189.269,115.942965805023,-31.9196682202143
3,"2","Sediment",400086,6467997,NA,"",7.68,1382,"Group 3 Sample 4",3,"4","ENVT 3361_AR dig_24",0.308,20,25170.382,11.524,29.392,2301.389,0.521,55.263,18.459,36.426,217.063,45711.622,4.57,1389.804,28.733,31.412,2808.7,73.26,3.645,5160.563,21.765,17.829,491.941,72.418,10020.455,35.775,10.13,54.903,14.782,403.425,115.943157823424,-31.9195254778328
3,"3","Sediment",400090,6468004,NA,"",8.08,1700,"Group 3 Sample 5",3,"5","ENVT 3361_AR dig_25",0.302,20,28997.365,4.311,35.688,3681.756,0.335,79.507,25.534,49.788,58.086,41722.723,5.596,2055.762,40.984,31.735,3874.593,123.137,2.315,8707.287,31.053,23.49,452.078,48,14245.55,53.173,12.495,68.381,20.693,314.777,115.943200849396,-31.9194626870349
3,"4","Sediment",400101,6468013,NA,"",8.27,1014,"Group 3 Sample 6",3,"6","ENVT 3361_AR dig_26",0.307,20,34925.255,7.388,29.645,1856.582,0.206,65.071,17.971,51.507,48.548,78239.221,6.51,1830.833,28.117,44.037,2932.411,102.066,11.76,5253.353,28.763,22.646,471.519,33.777,3405.122,31.308,14.878,89.329,17.166,164.269,115.943318113343,-31.9193824712437
3,"5","Sediment",400112,6468026,NA,"",7.46,2810,"Group 3 Sample 7",3,"7","ENVT 3361_AR dig_27",0.3,20,31951.596,5.611,27.35,1966.639,0.19,86.938,12.577,47.697,36.531,53068.652,6.279,1571.949,43.627,42.859,2717.251,76.598,11.491,4170.977,32.329,18.663,399.914,30.042,3921.478,33.759,12.866,77.45,25.356,136.362,115.943435789596,-31.9192661737811
3,"6","Sediment",400123,6468034,NA,"",7.34,2620,"Group 5 Sample 1",5,"1","ENVT 3361_AR dig_29",0.331,20,27240.051,26.721,58.311,3681.144,1.602,49.166,26.864,41.615,1007.772,55534.614,4.315,1720.842,23.634,19.363,3492.29,1399.189,3.516,10260.489,20.253,19.396,1453.346,241.444,2178.804,54.247,8.633,53.511,11.533,724.767,115.943552949976,-31.9191949781507
3,"7","Sediment",400133,6468045,NA,"",7.17,4250,"Group 5 Sample 2",5,"2","ENVT 3361_AR dig_30",0.382,20,44378.525,4.938,76.782,2811.217,0.175,168.132,9.51,66.114,97.683,32988.074,9.927,2917.664,75.609,39.078,3912.733,64.756,1.043,7626.122,58.902,25.04,374.241,44.295,1624.174,54.669,18.443,70.568,38.002,203.057,115.943659843555,-31.9190966332976
4,"4-Jan","Sediment ",400375,6468287,0,"10-15",6.9,215.8,"Group 5 Sample 3",5,"3","ENVT 3361_AR dig_31",0.3,20,44313.176,3.815,72.02,4825.011,0.285,189.593,14.19,65.647,225.439,46019.207,12.041,2867.925,88.651,43.663,4598.458,94.508,1.29,10097.499,69.082,30.579,803.877,63.631,3212.239,75.182,16.509,78.55,47.855,320.277,115.94624410987,-31.9169349521831
4,"4-Feb","Sediment ",400365,6468278,0,"10-15",6.8,1010,"Group 5 Sample 4",5,"4","ENVT 3361_AR dig_32",0.35,20,48376.026,5.166,59.031,4149.843,0.262,145.92,13.337,66.535,192.784,34992.259,9.19,3117.988,69.075,41.253,4835.035,83.714,1.643,13074.162,53.866,34.69,579.798,53.343,3110.025,63.498,17.397,67.574,33.718,332.989,115.946137427253,-31.9170152585556
4,"4-Mar","Sediment ",400342,6468255,0,"10-15",5.43,543.4,"Group 5 Sample 5",5,"5","ENVT 3361_AR dig_33",0.36,20,44877.876,6.765,59.979,3940.401,0.276,187.838,14.139,64.875,213.035,37554.495,11.426,3060.374,90.587,45.932,5222.953,87.589,1.405,14116.948,67.208,33.283,525.032,47.746,3106.577,68.758,16.594,70.888,46.983,286.107,115.945891819912,-31.9172207097725
4,"4-Apr","Sediment ",400326,6468241,0,"10-15",6.6,470,"Group 5 Sample 6",5,"6","ENVT 3361_AR dig_34",0.324,20,44974.528,3.089,57.912,4490.458,0.29,221.13,15.175,62.763,179.683,43310.28,13.636,2994.697,104.338,51.627,5385.763,96.707,1.64,14572.787,80.273,32.593,461.837,44.622,3486.832,74.584,14.384,73.105,56.939,340.471,115.94572116778,-31.9173455912626
4,"4-May","Sediment ",400303,6468218,0,"10-15",7,1385,"Group 5 Sample 7",5,"7","ENVT 3361_AR dig_35",0.305,20,50293.486,4.815,58.872,2433.839,0.196,186.692,12.538,69.991,92.494,46871.501,11.718,2902.489,93.064,54.701,4573.208,83.556,3.516,10558.743,67.849,31.063,419.337,29.387,1714.446,56.675,17.385,81.779,48.84,206.635,115.945475558638,-31.9175510416254
4,"4-Jun","Sediment ",400271,6468185,0,"10-15",6.64,902,"Group 5 Sample 8",5,"8","ENVT 3361_AR dig_36",0.378,20,42915.063,3.482,53.2,3852.116,0.143,179.228,12.566,61.431,92.727,48185.98,11.976,2881.647,86.092,44.569,4833.514,88.782,4.521,12570.501,67.597,29.867,426.638,30.67,3240.052,68.05,15.2,78.29,47.598,197.725,115.9451337368,-31.9178459051649
4,"4-Jul","Sediment ",400220,6468133,0,"10-15",6,1860,"Group 5 Sample 9",5,"9","ENVT 3361_AR dig_37",0.312,20,38688.039,6.975,64.297,8266.204,0.273,111.876,18.722,50.054,82.292,92815.944,9.602,2560.446,52.005,36.83,6033.788,167.21,6.896,15902.257,46.265,25.421,364.727,24.793,6998.403,114.66,11.946,67.881,31.812,322.736,115.944589014898,-31.918310486046
4,"4-Aug","Sediment ",400188,6468103,0,"10-15",6.18,2268,"Group 2 Sample 1",2,"1","ENVT 3361_AR dig_38",0.299,20,4114.013,1.656,9.416,2304.196,0.059,4.578,9.712,4.078,NA,9255.499,0.656,435.465,3.244,3.031,1773.421,22.121,0.47,10234.269,2.048,3.836,283.878,9.636,10265.641,26.807,1.042,6.046,1.14,1259.385,115.944247496555,-31.9185782858654
6,"1","",400328,6468226,NA,"",NA,NA,"Group 2 Sample 3",2,"3","ENVT 3361_AR dig_41",0.301,20,14152.07,7.379,68.562,8995.236,0.222,19.019,33.028,16.172,201.225,28231.441,1.892,396.443,12.198,4.954,1075.556,74.637,0.958,1323.793,7.687,9.988,2033.569,28.304,13977.587,51.192,2.032,27.225,4.011,2789.277,115.945740775843,-31.9174810727704
6,"2","",400336,6468228,NA,"",NA,NA,"Group 2 Sample 4",2,"4","ENVT 3361_AR dig_42",0.31,20,3731.841,1.282,10.988,1391.096,0.037,6.08,4.322,3.777,NA,3518.287,NA,161.048,2.818,1.627,270.521,10.75,0.21,352.426,2.007,NA,243.773,6.157,1576.998,11.847,0.478,5.252,1.029,502.926,115.945825587651,-31.9174637340412
6,"3","",400341,6468228,NA,"",NA,NA,"Group 2 Sample 5",2,"5","ENVT 3361_AR dig_43",0.305,20,2674.897,0.994,7.142,1094.476,0.027,3.716,4.489,3.044,8.832,2850.509,NA,83.055,2.259,1.029,183.128,8.926,0.143,212.249,1.617,NA,169.796,6.802,1111.05,5.885,0.416,4.458,0.777,380.718,115.945878466414,-31.9174641728054
6,"4","",400349,6468226,NA,"",NA,NA,"Group 2 Sample 6",2,"6","ENVT 3361_AR dig_44",0.298,20,4499.399,2.789,15.124,2170.19,0.078,6.816,25.067,4.721,7.673,7538.446,0.769,166.481,3.914,1.654,392.401,77.911,0.307,368.09,2.492,NA,420.086,9.155,3163.117,14.461,2.611,10.092,1.59,981.62,115.945962866691,-31.9174829155811
6,"5","",400356,6468229,NA,"",NA,NA,"Group 2 Sample 7",2,"7","ENVT 3361_AR dig_45",0.3,20,5870.028,2.134,23.274,2006.709,0.043,8.308,29.865,7.076,NA,11143.974,0.684,159.633,3.91,1.56,353.231,138.542,0.237,304.531,2.933,NA,521.16,10.714,1675.931,13.876,2.152,12.752,1.494,700.624,115.946037205575,-31.9174564685662
6,"6","",400364,6468230,NA,"",NA,NA,"Group 2 Sample 8",2,"8","ENVT 3361_AR dig_46",0.301,20,14662.605,7.567,25.54,6639.937,0.443,19.488,40.663,19.858,44.318,32962.318,1.975,1599.616,13.19,11.682,6872.115,151.768,6.664,33719.223,8.258,15.743,1075.153,40.029,40942.818,98.486,2.945,33.58,4.885,5210.448,115.946121914453,-31.9174481500373
6,"7","",400370,6468229,NA,"",NA,NA,"Group 2 Sample 9",2,"9","ENVT 3361_AR dig_47",0.306,20,35637.919,1.038,37.306,2229.992,0.167,73.548,15.126,54.554,27.092,54762.69,5.93,2170.297,42.541,52.304,3533.105,199.439,2.381,8222.372,29.13,18.842,378.887,24.343,1725.747,43.33,15.105,82.983,20.937,113.647,115.946185266113,-31.9174576968035
6,"8","",400378,6468229,NA,"",NA,NA,"Group 2 Sample 10",2,"10","ENVT 3361_AR dig_48",0.309,20,8214.876,4.704,23.308,1841.976,0.156,11.185,10.388,11.857,19.17,11440.836,1.158,486.068,6.945,4.636,1691.438,26.65,1.705,8905.198,4.617,5.589,622.703,24.93,6688.027,22.913,1.204,16.945,2.438,1119.983,115.946269872138,-31.917458398576
6,"9","",400387,6468228,NA,"",NA,NA,"Group 10 Sample 1",10,"1","ENVT 3361_AR dig_51",0.303,20,42773.785,2.238,94.51,3069.15,0.104,100.17,11.925,79.803,170.768,35331.592,7,3050.269,51.079,35.314,4885.592,92.712,1.174,11533.929,41.047,29.17,375.649,60.613,2759.079,54.934,22.78,80.753,22.001,210.886,115.946364951087,-31.9174682084033
6,"10","",400396,6468227,NA,"",NA,NA,"Group 10 Sample 2",10,"2","ENVT 3361_AR dig_52",0.318,20,36800.644,1.845,81.172,3180.473,0.227,116.72,15.844,69.11,176.179,43136.259,7.893,3167.414,59.723,35.886,5414.658,147.56,1.641,15871.068,46.337,29.057,421.432,53.827,3907.375,61.902,19.066,82.918,28.971,246.582,115.946460030058,-31.9174780181598
5,"1","soil",400315,6468224,0,"10",6.04,3660,"Group 10 Sample 4",10,"4","ENVT 3361_AR dig_54",0.309,20,44013.48,5.953,129.807,1663.312,0.253,159.183,11.194,69.464,61.044,56240.138,11.96,2761.423,69.684,44.003,3966.694,115.296,5.874,9666.518,65.257,25.013,254.308,47.408,1654.428,51.575,16.365,115.647,42.06,116.369,115.945603085227,-31.9174979725849
5,"2","soil",400303,6468233,0,"10",6.21,2312,"Group 10 Sample 5",10,"5","ENVT 3361_AR dig_55",0.308,20,40355.336,4.709,84.778,1694.492,0.157,67.203,8.946,63.141,88.164,42755.597,5.359,2448.805,32.496,34.794,3912.338,70.572,8.219,10840.014,28.615,19.677,242.955,38.794,1917.024,40.036,17.448,117.537,15.407,114.147,115.945477102445,-31.9174157356559
5,"3","soil",400291,6468238,0,"10",5.82,2379,"Group 10 Sample 6",10,"6","ENVT 3361_AR dig_56",0.299,20,19774.111,NA,56.22,909.335,0.077,37.509,3.902,41.181,31.968,14780.151,2.628,1221.832,18.573,18.987,2138.665,48.278,3.424,6875.967,15.292,13.035,91.53,15.205,1067.06,26.419,11.893,48.053,6.991,39.073,115.945350708161,-31.9173695801968
5,"4","soil",400286,6468239,0,"10",5.93,3140,"Group 10 Sample 7",10,"7","ENVT 3361_AR dig_57",0.308,20,12960.427,1.282,41.857,731.832,0.086,24.077,2.288,24.758,20.842,10275.993,1.742,807.938,11.84,13.501,1693.583,40.919,3.562,6367.318,10.079,5.723,48.94,7.858,1029.933,18.585,10.044,35.093,4.013,20.652,115.945297932399,-31.9173601208166
5,"5","soil",400279,6468245,0,"10",5.76,1805,"Group 6 Sample 1",6,"1","ENVT 3361_AR dig_59",0.302,20,37034.081,13.841,157.621,3257.151,0.202,203.861,10.868,56.042,417.728,48342.742,12.472,3008.778,94.353,43.669,4908.235,73.548,3.163,16319.532,70.314,25.137,1871.792,472.849,5184.432,238.676,10.82,65.177,46.203,257.343,115.945224519895,-31.9173053838194
5,"6","soil",400268,6468252,0,"10",5.76,3210,"Group 6 Sample 2",6,"2","ENVT 3361_AR dig_60",0.302,20,36700.605,4.367,78.062,1584.449,0.079,126.349,8.975,66.621,127.358,36525.663,7.788,2796.975,59.825,29.668,4555.321,64.997,0.898,12142.781,45.94,24.264,478.194,90.844,1719.024,48.28,19.902,69.342,26.587,138.722,115.945108907531,-31.9172412751344
5,"7","soil",400259,6468257,0,"10",5.89,2297,"Group 6 Sample 3",6,"3","ENVT 3361_AR dig_61",0.301,20,32240.549,19.199,121.482,3766.367,0.14,143.277,9.062,58.356,386.452,50724.616,8.455,2490.046,77.762,27.491,4897.605,64.389,3.421,18093.189,47.833,21.84,2391.548,831.095,3999.849,204.268,11.394,70.229,35.102,191.58,115.945014240834,-31.9171953827865
5,"8","soil",400253,6468262,0,"10",5.71,2005,"Group 6 Sample 4",6,"4","ENVT 3361_AR dig_62",0.303,20,36723.359,5.394,81.313,1890.602,0.051,136.294,9.487,61.824,116.077,38565.38,8.51,2797.618,61.328,33.81,4867.292,75.407,1.152,14005.542,48.939,21.092,704.891,84.53,2075.195,71.906,19.576,67.993,29.009,156.157,115.944951301373,-31.9171497538548
5,"9","soil",400242,6468273,0,"10",5.92,6340,"Group 6 Sample 5",6,"5","ENVT 3361_AR dig_63",0.304,20,34334.178,NA,82.417,1872.303,0.096,161.446,10.227,58.179,99.455,41690.547,9.557,2719.99,79.911,35.284,4575.698,93.952,1.453,11669.545,54.902,22.436,609.75,71.151,2072.337,67.643,17.586,71.67,38.2,214.464,115.944836101323,-31.917049563341
7,"1","Sediment ",400510,6468319,0,"29",6.8,127.7,"Group 6 Sample 6",6,"6","ENVT 3361_AR dig_64",0.303,20,35411.962,6.561,74.323,2979.763,0.115,106.321,19.24,59.569,260.569,72095.997,7.786,2924.466,55.106,34.007,5865.86,194.685,2.218,19468.71,40.279,38.848,1099.718,123.633,3403.599,76.938,16.949,69.187,25.085,344.064,115.947675115405,-31.9166581332452
7,"2","Sediment ",400504,6468308,0,"36",7.14,150.9,"Group 6 Sample 7",6,"7","ENVT 3361_AR dig_65",0.302,20,35372.234,4.752,82.859,2051.094,0.091,150.335,11.432,62.539,110.338,39637.298,8.981,2861.246,76.807,36.21,5231.54,107.078,1.2,13791.78,52.043,24.588,520.064,58.953,2189.548,62.663,19.805,73.065,34.534,195.151,115.947610531607,-31.9167568320927
7,"3","Sediment ",400492,6468314,0,"38",7.5,246.4,"Group 6 Sample 8",6,"8","ENVT 3361_AR dig_66",0.302,20,36608.839,4.43,79.131,2167.399,0.093,183.675,8.79,58.853,89.586,29019.7,10.841,2721.223,86.051,41.045,4434.761,96.578,1.081,12033.924,63.183,21.681,357.046,45.792,2023.24,61.597,18.651,66.541,41.942,126.852,115.947484239807,-31.9167016583432
7,"4","Sediment ",400488,6468317,0,"30",7.62,14,"Group 6 Sample 9",6,"9","ENVT 3361_AR dig_67",0.302,20,33066.065,2.76,81.978,2005.604,0.083,133.162,12.848,60.142,101.913,40911.12,8.079,2896.363,67.068,33.104,4879.581,103.679,1.192,13685.143,47.458,25.374,500.893,50.437,2149.903,58.602,20.011,71.618,30.438,205.538,115.9474422453,-31.9166742466613
7,"5","Sediment ",400483,6468321,0,"40",7.07,250.4,"Group 6 Sample 10",6,"10","ENVT 3361_AR dig_68",0.302,20,34277.764,6.881,81.016,2171.939,0.186,173.193,16.056,60.681,154.963,47101.123,10.144,3097.33,90.877,39.322,5214.778,105.372,1.36,13498.286,58.568,32.27,735.955,71.753,2507.694,74.251,18.245,71.819,42.443,405.403,115.947389777884,-31.9166377269388
7,"6","Sediment ",400473,6468324,0,"17",6.65,122,"Group 9 Sample 1",9,"1","ENVT 3361_AR dig_69",0.304,20,38771.519,4.261,79.017,1849.544,0.088,112.274,17.383,77.185,44.148,44104.405,7.709,2197.232,57.195,19.347,3598.683,600.149,1.332,2050.341,45.355,31.649,478.633,42.58,600.659,39.343,17.407,90.287,23.265,62.629,115.947284329475,-31.9166097894533
7,"7","Sediment ",400453,6468339,0,"18",6.91,164.7,"Group 9 Sample 2",9,"2","ENVT 3361_AR dig_70",0.303,20,36236.711,2.259,73.137,1347.823,0.077,91.65,14.054,69.83,33.869,44124.209,6.516,1907.552,46.931,21.042,2709.375,442.215,2.041,1956.922,36.919,27.038,404.225,35.872,460.851,31.272,15.223,87.916,19.986,36.866,115.947074357702,-31.9164727305875
7,"8","Sediment ",400439,6468346,0,"14",6.73,168.7,"Group 9 Sample 3",9,"3","ENVT 3361_AR dig_71",0.304,20,38229.098,1.674,58.631,999.325,0.078,94.777,13.641,70.547,30.577,50081.123,6.777,1974.575,47.383,28.994,2458.496,335.694,3.13,2291.52,37.861,23.821,403.729,42.76,459.895,22.854,17.39,99.315,22.082,19.463,115.946927018123,-31.9164083605943
7,"9","Sediment ",400422,6468331,0,"31",6.78,154.8,"Group 9 Sample 4",9,"4","ENVT 3361_AR dig_72",0.3,20,42842.48,NA,47.131,1024.304,0.052,113.936,18.534,75.112,28.875,51015.527,7.803,1994.022,55.154,37.753,2537.102,409.03,3.53,2761.277,43.768,26.808,301.566,49.033,485.513,24.532,19.143,101.619,27.554,16.261,115.946745690439,-31.9165421762804
8,"1","Sediment ",400167,6467930,0,"10",5.89,1346,"Group 9 Sample 5",9,"5","ENVT 3361_AR dig_73",0.3,20,51041.021,2.386,45.545,1100.535,0.089,113.399,16.743,74.427,28.204,52633.26,8.64,2167.375,52.145,53.059,2887.834,382.372,4.297,4117.177,45.578,27.901,221.208,43.139,616.312,29.466,18.492,101.117,27.774,14.401,115.944007572015,-31.920136967653
8,"2","Sediment ",400167,6467930,10,"20",5.17,1780,"Group 9 Sample 6",9,"6","ENVT 3361_AR dig_74",0.302,20,39586.445,2.009,124.082,1024.105,0.029,63.016,8.244,61.273,20.795,39400.692,5.208,1763.594,29.899,42.201,2795.189,178.433,3.183,4672.495,27.014,19.817,121.952,21.459,591.924,33.682,18.09,85.988,13.577,11.207,115.944007572015,-31.920136967653
8,"3","Sediment ",400167,6467930,20,"30",4.74,2410,"Group 9 Sample 7",9,"7","ENVT 3361_AR dig_75",0.3,20,21020.397,1.62,34.51,722.086,0.022,35.834,3.027,32.839,10.997,16503.561,2.522,946.06,17.465,22.292,1536.885,79.77,0.949,3055.541,15.488,11.27,56.386,9.285,331.565,14.843,11.009,38.867,6.063,NA,115.944007572015,-31.920136967653
8,"4","Sediment ",400167,6467930,30,"40",4.61,1985,"Group 9 Sample 8",9,"8","ENVT 3361_AR dig_76",0.3,20,9015.858,NA,11.903,473.209,NA,22.841,1.825,16.571,NA,9889.105,1.568,467.466,11.323,9.346,760.412,61.16,0.656,1928.823,9.677,5.741,47.318,4.721,229.597,9.34,6.212,26.951,3.193,NA,115.944007572015,-31.920136967653
8,"5","Sediment ",400167,6467930,40,"50",4.51,2500,"Group 9 Sample 9",9,"9","ENVT 3361_AR dig_77",0.302,20,12140.149,1.241,18.096,744.228,0.015,25.308,2.236,24.156,7.141,14031.132,1.831,622.28,12.913,13.031,1276.502,68.102,1.489,2846.286,11.087,6.292,37.213,5.305,327.248,13.696,8.088,32.023,3.898,NA,115.944007572015,-31.920136967653
8,"6","Sediment ",400167,6467930,50,"60",5.21,2266,"Group 9 Sample 10",9,"10","ENVT 3361_AR dig_78",0.303,20,13124.883,1.443,18.788,825.448,0.023,36.342,2.758,25.485,8.88,18201.232,2.663,713.845,18.085,15.216,1628.766,68.267,1.876,3708.979,15.658,6.733,50.004,10.07,398.73,17.724,9.471,35.915,6.499,NA,115.944007572015,-31.920136967653
8,"7","Sediment ",400167,6467930,60,"70",5.52,2063,"Group 7 Sample 1",7,"1","ENVT 3361_AR dig_79",0.3,20,19528.062,4.516,31.908,2937.671,0.078,50.099,7.356,38.804,17.785,25319.045,3.703,530.537,23.879,6.811,749.701,59.744,0.525,220.866,20.756,12.786,141.685,19.62,582.805,12.641,10.219,50.726,10.626,37.425,115.944007572015,-31.920136967653
8,"8","Sediment ",400167,6467930,70,"80",5.77,1922,"Group 7 Sample 2",7,"2","ENVT 3361_AR dig_80",0.299,20,10854.997,17.229,35.826,2293.275,0.476,21.488,10.756,39.327,215.178,27092.535,2.034,312.557,10.839,6.515,764.959,60.108,1.218,362.081,9.158,16.766,773.025,121.131,2385.599,17.154,4.011,28.342,4.901,534.86,115.944007572015,-31.920136967653
8,"9","Sediment ",400167,6467930,80,"90",5.56,1763,"Group 7 Sample 3",7,"3","ENVT 3361_AR dig_81",0.299,20,26289.659,10.123,48.143,1938.472,0.125,48.97,11.672,30.287,40.481,53547.271,5.069,1368.729,19.008,28.428,1381.583,73.407,3.13,602.15,24.97,20.241,181.655,24.19,1529.049,25.663,8.84,42.79,9.107,70.328,115.944007572015,-31.920136967653
8,"10","Sediment ",400167,6467930,90,"100",6.33,1646,"Group 7 Sample 4",7,"4","ENVT 3361_AR dig_82",0.304,20,34671.264,11.824,49.302,2812.475,0.168,115.97,11.39,38.618,59.882,40806.911,9.983,1569.098,40.465,40.824,1582.51,56.567,3.69,633.32,54.08,22.716,376.249,42.534,3408.319,40.021,9.12,47.487,23.561,152.205,115.944007572015,-31.920136967653
8,"11","Sediment ",400167,6467930,100,"110",6.29,1583,"Group 7 Sample 5",7,"5","ENVT 3361_AR dig_83",0.304,20,11624.557,27.674,33.101,1722.319,0.699,29.83,17.56,19.609,171.015,67191.618,3.514,510.493,15.612,8.475,863.518,66.85,1.402,346.546,12.891,16.207,278.903,85.008,9523.186,16.056,5.435,31.211,7.663,432.617,115.944007572015,-31.920136967653
9,"1","Soil",400178,6467970,0,"10",5.75,460,"Group 7 Sample 8",7,"8","ENVT 3361_AR dig_86",0.299,20,10995.777,14.529,33.134,1489.307,0.509,21.123,10.924,28.5,65.653,45327.368,2.374,362.943,10.145,7.02,679.46,63.234,3.987,360.84,10.156,13.391,447.659,39.064,5398.978,16.413,5.553,38.588,4.069,318.452,115.944128031077,-31.9197771190208
9,"2","Soil",400178,6467970,10,"20",5.65,947,"Group 7 Sample 9",7,"9","ENVT 3361_AR dig_87",0.299,20,8548.136,9.297,38.072,1344.413,0.377,19.092,5.932,23.06,44.411,38217.232,2.079,374.666,10.243,5.439,638.159,39.52,3.716,307.925,8.843,6.867,398.709,32.068,4802.961,12.651,8.449,37.644,2.818,168.877,115.944128031077,-31.9197771190208
9,"3","Soil",400178,6467970,20,"30",5.15,1175,"Group 6 Sample 1",6,"1","ENVT 3361_AR dig_89",0.303,20,22507.667,2.071,61.728,4757.243,0.292,61.554,13.601,50.318,44.09,29662.019,4.187,1761.039,30.728,11.677,3855.005,583.21,1.015,5184.837,24.141,21.755,747.963,42.354,1505.637,49.404,10.53,56.327,12.2,157.667,115.944128031077,-31.9197771190208
9,"4","Soil",400178,6467970,30,"40",5.12,2085,"Group 6 Sample 2",6,"2","ENVT 3361_AR dig_90",0.305,20,33273.413,3.404,71.6,1749.028,0.116,92.748,16.2,65.951,47.033,43394.833,6.27,2001.934,48.556,17.316,3162.859,457.732,1.249,4580.658,37.08,25.658,430.025,59.063,909.648,28.359,16.257,79.418,19.595,169.993,115.944128031077,-31.9197771190208
9,"5","Soil",400178,6467970,40,"50",5.33,1177,"Group 6 Sample 3",6,"3","ENVT 3361_AR dig_91",0.297,20,31471.853,4.78,107.685,1080.361,0.077,83.951,10.988,65.148,36.378,45247.71,6.291,1816.294,43.651,17.499,2755.201,238.606,1.332,4891.643,35.035,23.832,295.868,34.257,1171.969,22.337,14.726,79.93,19.092,61.957,115.944128031077,-31.9197771190208
9,"6","Soil",400178,6467970,50,"60",5.22,1267,"Group 6 Sample 4",6,"4","ENVT 3361_AR dig_92",0.303,20,29235.336,2.704,103.061,870.03,0.064,62.882,6.636,55.471,28.207,46169.772,5.077,1812.484,30.839,17.598,2462.766,74.587,1.799,5832.524,27.261,18.793,272.211,33.338,2442.469,29.114,12.509,78.034,13.839,41.602,115.944128031077,-31.9197771190208
9,"7","Soil",400178,6467970,60,"70",5.53,2310,"Group 6 Sample 5",6,"5","ENVT 3361_AR dig_93",0.304,20,24996.392,2.11,83.177,904.074,0.071,52.1,5.771,49.388,24.117,47021.836,4.592,1601.54,25.383,14.358,2173.975,80.706,2.093,6387.525,23.201,18.12,328.222,23.233,2020.169,34.969,10.806,69.455,11.464,16.797,115.944128031077,-31.9197771190208
9,"8","Soil",400178,6467970,70,"80",5.68,1753,"Group 6 Sample 6",6,"6","ENVT 3361_AR dig_94",0.301,20,26784.848,0.966,78.895,996.831,0.063,47.04,5.811,49.404,22.387,46339.221,4.455,1609.562,21.939,17.976,2365.538,75.502,2.078,6673.855,21.793,15.196,337.271,22.579,1657.173,35.978,11.035,74.557,10.356,43.157,115.944128031077,-31.9197771190208
9,"9","Soil",400178,6467970,80,"90",5.19,2085,"Group 6 Sample 7",6,"7","ENVT 3361_AR dig_95",0.303,20,28408.14,3.736,68.972,1249.787,0.079,46.925,6.409,56.087,20.257,47051.723,4.296,1636.473,22.158,23.927,2526.8,102.234,2.674,7070.124,21.275,19.343,353.979,22.326,1356.92,37.712,11.263,75.927,10.215,18.155,115.944128031077,-31.9197771190208
9,"10","Soil",400178,6467970,90,"100",5.51,2135,"Group 6 Sample 8",6,"8","ENVT 3361_AR dig_96",0.3,20,30643.64,3.291,63.148,1484.269,0.085,53.387,6.84,54.432,21.92,46743.065,4.713,1690.688,25.733,27.824,2713.883,86.274,2.764,6761.07,23.702,19.379,324.037,23.335,1095.477,42.707,12.837,78.606,12.269,21.645,115.944128031077,-31.9197771190208
10,"","Soil",400229,6468075,0,"10",NA,NA,"Group 6 Sample 10",6,"10","ENVT 3361_AR dig_98",0.3,20,37613.072,1.45,38.025,1427.763,0.085,68.16,6.602,60.145,22.953,47746.938,5.632,2059.472,30.856,41.933,2946.109,74.264,4.185,6557.091,29.359,18.9,241.358,20.696,821.676,41.264,16.379,84.034,16.836,14.408,115.944678223366,-31.9188344596088
