Year,SampID,Type,DepthType,Longitude,Latitude,As,Co,Cr,Cu,Mn,Ni,Pb,Zn
"""2019""",2019_1_1,Drain_Sed,Surface,115.9421362,-31.9191471,4.76,29.4,11,19,79,9.4,31.1,4176.9
"""2019""",2019_1_2,Lake_Sed,Surface,115.9420515,-31.91915542,6.05,19.7,80.4,75.8,46,24.4,43.2,1215.1
"""2019""",2019_1_3,Lake_Sed,Surface,115.9419455,-31.91917258,3.12,9.3,50.6,54.7,56,21.5,32,417.9
"""2019""",2019_1_4,Lake_Sed,Surface,115.9418073,-31.91923458,NA,9,65.4,62.9,54,22,41.8,269.6
"""2019""",2019_1_5,Lake_Sed,Surface,115.9416587,-31.91927845,6.95,6.7,55.1,50.5,41,19.7,34.7,172.8
"""2019""",2019_1_6,Lake_Sed,Surface,115.94151,-31.91933134,3.61,7.4,55.5,58.3,38,18.4,36.9,176.1
"""2019""",2019_1_7,Lake_Sed,Surface,115.9413934,-31.91935743,4.69,8.5,52.2,59.9,38,17.1,39.4,184.6
"""2019""",2019_1_8,Lake_Sed,Surface,115.9412762,-31.91942862,4.27,6.2,50.5,56.4,35,17.4,36.1,134
"""2019""",2019_1_9,Lake_Sed,Surface,115.9419441,-31.91929887,6.65,16.7,30.9,51.1,51,22.8,25.2,800.8
"""2019""",2019_2_1,Drain_Sed,Surface,115.942053,-31.91902011,1.66,9.7,4.1,NA,22,3.8,9.6,1259.4
"""2019""",2019_2_2a,Drain_Sed,Surface,115.941929,-31.91876649,NA,2.7,2.8,NA,6,NA,3.3,224
"""2019""",2019_2_2b,Drain_Sed,Core,115.941929,-31.91876649,1.1,5.5,5.6,NA,16,NA,6.4,459
"""2019""",2019_2_3,Drain_Sed,Surface,115.9418352,-31.91864843,7.38,33,16.2,201.2,75,10,28.3,2789.3
"""2019""",2019_2_4,Drain_Sed,Surface,115.9416148,-31.91849323,1.28,4.3,3.8,NA,11,NA,6.2,502.9
"""2019""",2019_2_5,Drain_Sed,Surface,115.9415626,-31.91843867,0.99,4.5,3,8.8,9,NA,6.8,380.7
"""2019""",2019_2_6,Drain_Sed,Surface,115.9414906,-31.91825765,2.79,25.1,4.7,7.7,78,NA,9.2,981.6
"""2019""",2019_2_7,Drain_Sed,Surface,115.9413455,-31.91799482,2.13,29.9,7.1,NA,139,NA,10.7,700.6
"""2019""",2019_2_8,Drain_Sed,Surface,115.9421771,-31.91926472,7.57,40.7,19.9,44.3,152,15.7,40,5210.4
"""2019""",2019_2_9,Drain_Sed,Surface,115.9423097,-31.91969885,1.04,15.1,54.6,27.1,199,18.8,24.3,113.6
"""2019""",2019_2_10,Drain_Sed,Surface,115.9419698,-31.91890215,4.7,10.4,11.9,19.2,27,5.6,24.9,1120
"""2019""",2019_3_1,Drain_Sed,Surface,115.9429658,-31.91966822,6.84,12,36.4,78.6,103,14.8,39.2,232.6
"""2019""",2019_3_2,Drain_Sed,Surface,115.9431578,-31.91952548,5.26,7.9,34.3,25.7,67,12.3,23.3,59
"""2019""",2019_3_3,Drain_Sed,Surface,115.9432008,-31.91946269,8.54,16.7,30.6,70.3,115,17.3,49.9,189.3
"""2019""",2019_3_4,Drain_Sed,Surface,115.9433181,-31.91938247,11.52,18.5,36.4,217.1,73,17.8,72.4,403.4
"""2019""",2019_3_5,Drain_Sed,Surface,115.9434358,-31.91926617,4.31,25.5,49.8,58.1,123,23.5,48,314.8
"""2019""",2019_3_6,Drain_Sed,Surface,115.9435529,-31.91919498,7.39,18,51.5,48.5,102,22.6,33.8,164.3
"""2019""",2019_3_7,Drain_Sed,Surface,115.9436598,-31.91909663,5.61,12.6,47.7,36.5,77,18.7,30,136.4
"""2019""",2019_4_1,Drain_Sed,Surface,115.9462441,-31.91693495,2.84,1.8,22.2,93.7,50,5,70.9,30.1
"""2019""",2019_4_2,Drain_Sed,Surface,115.9461374,-31.91701526,15.86,10.9,45.2,172.6,52,12.5,70.8,514.7
"""2019""",2019_4_3,Drain_Sed,Surface,115.9458918,-31.91722071,13.9,13.6,20.4,206.9,36,9.7,67.9,419.6
"""2019""",2019_4_4,Drain_Sed,Surface,115.9457212,-31.91734559,2.75,4.1,23,26.3,36,5.5,25.8,57
"""2019""",2019_4_5,Drain_Sed,Surface,115.9454756,-31.91755104,3.26,4.6,51.4,24.2,50,9,11.4,39.7
"""2019""",2019_4_6,Drain_Sed,Surface,115.9451337,-31.91784591,2.44,8.6,50.4,36.2,90,17.4,28,102.9
"""2019""",2019_4_7,Drain_Sed,Surface,115.944589,-31.91831049,26.16,21.6,43.1,522.6,86,21.9,207.4,1134.6
"""2019""",2019_4_8,Drain_Sed,Surface,115.9442475,-31.91857829,4.23,6.1,34.5,183.6,51,11,61.5,249.7
"""2019""",2019_6_1,Lake_Sed,Surface,115.9457408,-31.91748107,13.84,10.9,56,417.7,74,25.1,472.8,257.3
"""2019""",2019_6_2,Lake_Sed,Surface,115.9458256,-31.91746374,4.37,9,66.6,127.4,65,24.3,90.8,138.7
"""2019""",2019_6_3,Lake_Sed,Surface,115.9458785,-31.91746417,19.2,9.1,58.4,386.5,64,21.8,831.1,191.6
"""2019""",2019_6_4,Lake_Sed,Surface,115.9459629,-31.91748292,5.39,9.5,61.8,116.1,75,21.1,84.5,156.2
"""2019""",2019_6_5,Lake_Sed,Surface,115.9460372,-31.91745647,NA,10.2,58.2,99.5,94,22.4,71.2,214.5
"""2019""",2019_6_6,Lake_Sed,Surface,115.9461219,-31.91744815,6.56,19.2,59.6,260.6,195,38.8,123.6,344.1
"""2019""",2019_6_7,Lake_Sed,Surface,115.9461853,-31.9174577,4.75,11.4,62.5,110.3,107,24.6,59,195.2
"""2019""",2019_6_8,Lake_Sed,Surface,115.9462699,-31.9174584,4.43,8.8,58.9,89.6,97,21.7,45.8,126.9
"""2019""",2019_6_9,Lake_Sed,Surface,115.946365,-31.91746821,2.76,12.8,60.1,101.9,104,25.4,50.4,205.5
"""2019""",2019_6_10,Lake_Sed,Surface,115.94646,-31.91747802,6.88,16.1,60.7,155,105,32.3,71.8,405.4
"""2019""",2019_5_1,Lake_Sed,Surface,115.9456031,-31.91749797,26.72,26.9,41.6,1007.8,1399,19.4,241.4,724.8
"""2019""",2019_5_2,Lake_Sed,Surface,115.9454771,-31.91741574,4.94,9.5,66.1,97.7,65,25,44.3,203.1
"""2019""",2019_5_3,Lake_Sed,Surface,115.9453507,-31.91736958,3.82,14.2,65.6,225.4,95,30.6,63.6,320.3
"""2019""",2019_5_4,Lake_Sed,Surface,115.9452979,-31.91736012,5.17,13.3,66.5,192.8,84,34.7,53.3,333
"""2019""",2019_5_5,Lake_Sed,Surface,115.9452245,-31.91730538,6.77,14.1,64.9,213,88,33.3,47.7,286.1
"""2019""",2019_5_6,Lake_Sed,Surface,115.9451089,-31.91724128,3.09,15.2,62.8,179.7,97,32.6,44.6,340.5
"""2019""",2019_5_7,Lake_Sed,Surface,115.9450142,-31.91719538,4.82,12.5,70,92.5,84,31.1,29.4,206.6
"""2019""",2019_5_8,Lake_Sed,Surface,115.9449513,-31.91714975,3.48,12.6,61.4,92.7,89,29.9,30.7,197.7
"""2019""",2019_5_9,Lake_Sed,Surface,115.9448361,-31.91704956,6.98,18.7,50.1,82.3,167,25.4,24.8,322.7
"""2019""",2019_7_1,Drain_Sed,Surface,115.9476751,-31.91665813,4.52,7.4,38.8,17.8,60,12.8,19.6,37.4
"""2019""",2019_7_2,Drain_Sed,Surface,115.9476105,-31.91675683,17.23,10.8,39.3,215.2,60,16.8,121.1,534.9
"""2019""",2019_7_3,Drain_Sed,Surface,115.9474842,-31.91670166,10.12,11.7,30.3,40.5,73,20.2,24.2,70.3
"""2019""",2019_7_4,Drain_Sed,Surface,115.9474422,-31.91667425,11.82,11.4,38.6,59.9,57,22.7,42.5,152.2
"""2019""",2019_7_5,Drain_Sed,Surface,115.9473898,-31.91663773,27.67,17.6,19.6,171,67,16.2,85,432.6
"""2019""",2019_7_6,Drain_Sed,Surface,115.9472843,-31.91660979,20.16,10.1,14.5,148,40,14.6,47.6,247.8
"""2019""",2019_7_7,Drain_Sed,Surface,115.9470744,-31.91647273,7.99,4.1,13.6,28.3,37,5.2,18.2,45.8
"""2019""",2019_7_8,Drain_Sed,Surface,115.946927,-31.91640836,14.53,10.9,28.5,65.7,63,13.4,39.1,318.5
"""2019""",2019_7_9,Drain_Sed,Surface,115.9467457,-31.91654218,9.3,5.9,23.1,44.4,40,6.9,32.1,168.9
"""2019""",2019_8_1,Saltmarsh,Surface,115.9440076,-31.92013697,2.07,13.6,50.3,44.1,583,21.8,42.4,157.7
"""2019""",2019_8_2,Saltmarsh,Core,115.9440076,-31.92013697,3.4,16.2,66,47,458,25.7,59.1,170
"""2019""",2019_8_3,Saltmarsh,Core,115.9440076,-31.92013697,4.78,11,65.1,36.4,239,23.8,34.3,62
"""2019""",2019_8_4,Saltmarsh,Core,115.9440076,-31.92013697,2.7,6.6,55.5,28.2,75,18.8,33.3,41.6
"""2019""",2019_8_5,Saltmarsh,Core,115.9440076,-31.92013697,2.11,5.8,49.4,24.1,81,18.1,23.2,16.8
"""2019""",2019_8_6,Saltmarsh,Core,115.9440076,-31.92013697,0.97,5.8,49.4,22.4,76,15.2,22.6,43.2
"""2019""",2019_8_7,Saltmarsh,Core,115.9440076,-31.92013697,3.74,6.4,56.1,20.3,102,19.3,22.3,18.2
"""2019""",2019_8_8,Saltmarsh,Core,115.9440076,-31.92013697,3.29,6.8,54.4,21.9,86,19.4,23.3,21.6
"""2019""",2019_8_9,Saltmarsh,Core,115.9440076,-31.92013697,1.33,9,59.2,23.7,153,18.9,25.2,18.6
"""2019""",2019_8_10,Saltmarsh,Core,115.9440076,-31.92013697,1.45,6.6,60.1,23,74,18.9,20.7,14.4
"""2019""",2019_8_11,Saltmarsh,Core,115.9440076,-31.92013697,1.11,7.4,62,25.7,73,20.8,23.8,35.7
"""2019""",2019_9_1,Saltmarsh,Surface,115.944128,-31.91977712,4.26,17.4,77.2,44.1,600,31.6,42.6,62.6
"""2019""",2019_9_2,Saltmarsh,Core,115.944128,-31.91977712,2.26,14.1,69.8,33.9,442,27,35.9,36.9
"""2019""",2019_9_3,Saltmarsh,Core,115.944128,-31.91977712,1.67,13.6,70.5,30.6,336,23.8,42.8,19.5
"""2019""",2019_9_4,Saltmarsh,Core,115.944128,-31.91977712,NA,18.5,75.1,28.9,409,26.8,49,16.3
"""2019""",2019_9_5,Saltmarsh,Core,115.944128,-31.91977712,2.39,16.7,74.4,28.2,382,27.9,43.1,14.4
"""2019""",2019_9_6,Saltmarsh,Core,115.944128,-31.91977712,2.01,8.2,61.3,20.8,178,19.8,21.5,11.2
"""2019""",2019_9_7,Saltmarsh,Core,115.944128,-31.91977712,1.62,3,32.8,11,80,11.3,9.3,NA
"""2019""",2019_9_8,Saltmarsh,Core,115.944128,-31.91977712,NA,1.8,16.6,NA,61,5.7,4.7,NA
"""2019""",2019_9_9,Saltmarsh,Core,115.944128,-31.91977712,1.24,2.2,24.2,7.1,68,6.3,5.3,NA
"""2019""",2019_9_10,Saltmarsh,Core,115.944128,-31.91977712,1.44,2.8,25.5,8.9,68,6.7,10.1,NA
"""2019""",2019_10_1,Saltmarsh,Surface,115.9446782,-31.91883446,2.24,11.9,79.8,170.8,93,29.2,60.6,210.9
"""2019""",2019_10_2,Saltmarsh,Core,115.9446782,-31.91883446,1.85,15.8,69.1,176.2,148,29.1,53.8,246.6
"""2019""",2019_10_3,Saltmarsh,Core,115.9446782,-31.91883446,2.7,11.2,66.8,61.4,117,24.5,47.2,114.3
"""2019""",2019_10_4,Saltmarsh,Core,115.9446782,-31.91883446,5.95,11.2,69.5,61,115,25,47.4,116.4
"""2019""",2019_10_5,Saltmarsh,Core,115.9446782,-31.91883446,4.71,8.9,63.1,88.2,71,19.7,38.8,114.1
"""2019""",2019_10_6,Saltmarsh,Core,115.9446782,-31.91883446,NA,3.9,41.2,32,48,13,15.2,39.1
"""2019""",2019_10_7,Saltmarsh,Core,115.9446782,-31.91883446,1.28,2.3,24.8,20.8,41,5.7,7.9,20.7
"""2020""",2020_4_1,Lake_Sed,Surface,115.9445969,-31.91761592,9,12,84,212,68,29,46,208
"""2020""",2020_4_2,Lake_Sed,Surface,115.9446524,-31.91739085,7,14,77,161,74,28,39,305
"""2020""",2020_4_3,Lake_Sed,Surface,115.9448079,-31.91766278,7,12,76,202,75,26,51,262
"""2020""",2020_4_4,Lake_Sed,Surface,115.9448088,-31.91759061,7,11,73,184,76,24,51,227
"""2020""",2020_4_5,Lake_Sed,Surface,115.9448096,-31.91751845,7,15,70,198,84,25,42,310
"""2020""",2020_4_6,Lake_Sed,Surface,115.9448104,-31.91744629,9,17,69,278,105,27,50,353
"""2020""",2020_4_7,Lake_Sed,Surface,115.9448112,-31.91737412,7,15,71,230,89,27,48,303
"""2020""",2020_4_8,Lake_Sed,Surface,115.9448121,-31.91730196,7,14,74,138,81,27,40,246
"""2020""",2020_5_1,Lake_Sed,Surface,115.9448129,-31.9172298,6,11,70,113,73,27,41,175
"""2020""",2020_5_2,Lake_Sed,Surface,115.9448137,-31.91715763,7,12,73,108,79,28,36,172
"""2020""",2020_5_3,Lake_Sed,Surface,115.9448145,-31.91708547,10,15,60,83,90,25,27,225
"""2020""",2020_5_4,Lake_Sed,Surface,115.9448154,-31.91701331,15,24,56,104,134,24,28,472
"""2020""",2020_5_5,Lake_Sed,Surface,115.94502,-31.91761943,8,11,77,249,69,27,64,309
"""2020""",2020_5_6,Lake_Sed,Surface,115.9450208,-31.91754727,9,16,77,282,115,31,65,532
"""2020""",2020_5_7,Lake_Sed,Surface,115.9450216,-31.9174751,7,16,66,245,105,24,52,358
"""2020""",2020_5_8,Lake_Sed,Surface,115.9450224,-31.91740294,7,17,77,148,92,30,45,315
"""2020""",2020_6_1,Lake_Sed,Surface,115.9450233,-31.91733078,6,15,72,203,98,29,48,294
"""2020""",2020_6_2,Lake_Sed,Surface,115.9450241,-31.91725861,6,15,70,176,98,29,50,294
"""2020""",2020_6_3,Lake_Sed,Surface,115.9450249,-31.91718645,7,19,73,188,124,31,41,351
"""2020""",2020_6_4,Lake_Sed,Surface,115.9450257,-31.91711429,9,22,66,185,148,31,42,394
"""2020""",2020_6_5,Lake_Sed,Surface,115.9452323,-31.91754902,8,12,61,300,66,22,60,319
"""2020""",2020_6_6,Lake_Sed,Surface,115.9452331,-31.91747686,8,12,65,260,76,23,62,269
"""2020""",2020_6_7,Lake_Sed,Surface,115.945234,-31.9174047,8,19,68,224,125,31,50,445
"""2020""",2020_6_8,Lake_Sed,Surface,115.9452348,-31.91733253,7,16,65,251,95,28,52,313
"""2020""",2020_6_9,Lake_Sed,Surface,115.9452356,-31.91726037,8,18,65,188,134,30,47,364
"""2020""",2020_7_1,Lake_Sed,Surface,115.9452364,-31.91718821,7,11,67,327,78,26,72,283
"""2020""",2020_7_2,Lake_Sed,Surface,115.9452373,-31.91711604,9,18,65,240,123,31,57,401
"""2020""",2020_7_3,Lake_Sed,Surface,115.9454451,-31.91744253,6,12,62,191,79,26,49,245
"""2020""",2020_7_4,Lake_Sed,Surface,115.9454459,-31.91737037,6,13,72,169,83,27,57,303
"""2020""",2020_7_5,Lake_Sed,Surface,115.9454467,-31.91729821,7,16,70,179,102,31,61,330
"""2020""",2020_7_6,Lake_Sed,Surface,115.9454475,-31.91722604,9,16,66,264,113,31,71,331
"""2020""",2020_7_7,Lake_Sed,Surface,115.9454484,-31.91715388,9,24,61,311,106,34,58,509
"""2020""",2020_7_8,Lake_Sed,Surface,115.9456588,-31.91724584,22,27,57,541,99,31,164,812
"""2020""",2020_1_1,Lake_Sed,Surface,115.9424766,-31.91804935,8,9,39,20,60,10,18,417
"""2020""",2020_1_2,Lake_Sed,Surface,115.9425809,-31.91817651,10,9,32,14,92,10,25,254
"""2020""",2020_1_3,Lake_Sed,Surface,115.9425818,-31.91810435,7,10,34,26,55,9,22,452
"""2020""",2020_1_4,Lake_Sed,Surface,115.9425826,-31.91803219,13,51,38,43,95,17,33,3781
"""2020""",2020_1_5,Lake_Sed,Surface,115.9425834,-31.91796002,7,7,33,14,59,8,16,435
"""2020""",2020_1_6,Lake_Sed,Surface,115.9427386,-31.91826804,3,6,43,25,42,15,23,281
"""2020""",2020_1_7,Lake_Sed,Surface,115.9427394,-31.91819587,3,6,36,13,45,12,22,288
"""2020""",2020_1_8,Lake_Sed,Surface,115.9427402,-31.91812371,6,16,42,48,66,13,32,780
"""2020""",2020_2_1,Lake_Sed,Surface,115.942741,-31.91805155,4,9,52,30,70,17,28,439
"""2020""",2020_2_2,Lake_Sed,Surface,115.9427419,-31.91797938,5,3,50,13,495,11,7,76
"""2020""",2020_2_3,Lake_Sed,Surface,115.9427427,-31.91790722,9,14,58,21,66,17,44,615
"""2020""",2020_2_4,Lake_Sed,Surface,115.9427435,-31.91783506,8,21,51,28,87,17,43,1216
"""2020""",2020_2_5,Lake_Sed,Surface,115.9428995,-31.91807091,2,2,19,18,79,5,21,118
"""2020""",2020_2_6,Lake_Sed,Surface,115.9429003,-31.91799875,13,47,21,26,180,11,41,4227
"""2020""",2020_2_7,Lake_Sed,Surface,115.9429011,-31.91792658,9,110,19,25,215,17,39,7510
"""2020""",2020_2_8,Lake_Sed,Surface,115.9429019,-31.91785442,3,11,57,38,46,20,29,709
"""2020""",2020_2_9,Lake_Sed,Surface,115.9429028,-31.91778226,8,13,44,20,69,12,12,709
"""2020""",2020_3,Lake_Sed,Surface,115.9429036,-31.91771009,5,11,43,19,47,13,24,545
"""2020""",2020_3_1,Lake_Sed,Surface,115.9429044,-31.91763793,8,15,42,19,50,12,26,996
"""2020""",2020_3_2,Lake_Sed,Surface,115.9430627,-31.91766631,14,89,33,63,131,19,99,5808
"""2020""",2020_3_3,Lake_Sed,Surface,115.9430636,-31.91759415,13,45,30,39,166,16,56,3387
"""2020""",2020_8_1,Saltmarsh,Surface,115.9425574,-31.91877713,9,19,76,92,87,27,32,449
"""2020""",2020_8_2,Saltmarsh,Surface,115.9424189,-31.91877688,8,16,70,67,96,24,36,437
"""2020""",2020_8_3,Saltmarsh,Surface,115.9427037,-31.91877203,10,17,64,112,57,22,40,429
"""2020""",2020_8_4,Saltmarsh,Surface,115.9428421,-31.91880927,9,14,70,105,105,23,42,203
"""2020""",2020_8_5,Saltmarsh,Surface,115.9429272,-31.9188614,16,12,58,272,45,18,74,250
"""2020""",2020_8_6,Saltmarsh,Surface,115.9430399,-31.91886595,10,15,77,250,70,24,66,293
"""2020""",2020_8_7,Saltmarsh,Surface,115.943127,-31.91885585,51,24,31,233,289,13,75,607
"""2020""",2020_9_1,Saltmarsh,Surface,115.9432317,-31.91890633,43,14,27,152,130,13,52,588
"""2020""",2020_9_2,Saltmarsh,Surface,115.9433228,-31.91893506,38,28,31,179,693,17,70,715
"""2020""",2020_9_3,Saltmarsh,Surface,115.9433702,-31.91898868,24,75,45,156,3503,27,66,740
"""2020""",2020_9_4,Saltmarsh,Surface,115.9434177,-31.91907117,62,20,25,122,418,12,105,736
"""2020""",2020_9_5,Saltmarsh,Surface,115.9434395,-31.91915705,14,14,52,93,402,19,50,354
"""2020""",2020_9_6,Saltmarsh,Surface,115.9434295,-31.91923906,32,30,60,220,182,24,133,625
"""2020""",2020_9_7,Saltmarsh,Surface,115.9431745,-31.91879039,8,18,81,128,160,27,63,217
"""2020""",2020_10_1,Saltmarsh,Surface,115.9432497,-31.91874681,41,25,23,226,297,12,38,354
"""2020""",2020_10_2,Saltmarsh,Surface,115.9433485,-31.91867456,10,13,58,267,74,20,65,216
"""2020""",2020_10_3,Saltmarsh,Surface,115.9434177,-31.91858041,10,22,78,224,73,29,46,448
"""2020""",2020_10_4,Saltmarsh,Surface,115.94357,-31.91859972,9,22,73,173,95,27,42,493
"""2020""",2020_10_5,Saltmarsh,Surface,115.9436807,-31.91864755,10,16,72,357,74,25,72,254
"""2020""",2020_10_6,Saltmarsh,Surface,115.9430519,-31.91864503,14,36,17,169,126,15,36,367
"""2020""",2020_10_7,Saltmarsh,Surface,115.942947,-31.91852507,35,7,21,98,27,6,27,246
"""2021""",2021_5_1,Saltmarsh,Surface,115.9469346,-31.91667004,23.5,7.6,25.8,314,60.3,13,116.2,225.3
"""2021""",2021_5_2,Saltmarsh,Surface,115.9472734,-31.91663676,25.1,7.3,13.8,149,70,7,57.2,144.3
"""2021""",2021_5_3,Saltmarsh,Surface,115.9463899,-31.91713463,3.2,7.7,54.2,141,45.4,22,36.7,81.7
"""2021""",2021_5_4,Saltmarsh,Surface,115.9470037,-31.91710363,4.6,5,56.2,58,50.5,16,26.8,21.9
"""2021""",2021_5_5,Saltmarsh,Surface,115.9473019,-31.91692568,12.8,16,66.9,140,337.9,50,91.5,164.8
"""2021""",2021_5_6,Saltmarsh,Surface,115.9477463,-31.91691132,7,13.4,52.2,155,375.4,19,72.3,172.7
"""2021""",2021_6_1,Saltmarsh,Surface,115.9457726,-31.91747232,22.1,9.5,53.5,282,55.9,20,629.7,295.9
"""2021""",2021_6_2,Saltmarsh,Surface,115.9461616,-31.91767401,8.3,16.1,66.6,144,97.6,33,54.6,133.9
"""2021""",2021_6_3,Saltmarsh,Surface,115.9468406,-31.91749922,5,12.6,56.4,170,113.4,28,137.9,208.7
"""2021""",2021_3_1,Lake_Sed,Surface,115.946293,-31.91728719,NA,3.3,21.2,38,2014.2,6,15.3,65.2
"""2021""",2021_3_2,Lake_Sed,Surface,115.9464516,-31.9172885,6.7,6.6,79,132,3330.7,22,36.8,133.2
"""2021""",2021_3_3,Lake_Sed,Surface,115.9465785,-31.91728956,3.8,4.6,30.4,105,1447.7,14,34.7,109.3
"""2021""",2021_3_4,Lake_Sed,Surface,115.9466644,-31.91718201,NA,9,65.2,62,105.8,25,31.6,124.5
"""2021""",2021_3_5,Lake_Sed,Surface,115.9467502,-31.91707447,4.1,6.8,58.2,36,64.1,21,28.7,50.9
"""2021""",2021_4_1,Lake_Sed,Surface,115.946836,-31.91696693,13.9,7.6,47.7,204,53.2,19,108.1,191.2
"""2021""",2021_4_2,Lake_Sed,Surface,115.9469219,-31.91685938,20.1,13.3,38,312,72.2,20,120.9,342.8
"""2021""",2021_4_3,Lake_Sed,Surface,115.9470077,-31.91675184,6.2,5.7,49,153,39.3,18,53.9,113.1
"""2021""",2021_4_4,Lake_Sed,Surface,115.9470936,-31.91664429,13.6,5.8,39.6,271,37.9,19,101.5,216
"""2021""",2021_4_5,Lake_Sed,Surface,115.9442673,-31.91869573,8.9,9.9,27.1,139,59.3,8,42.4,341
"""2021""",2021_7_1,Saltmarsh,Surface,115.94775,-31.91751577,4.7,10.1,54.7,74,128.2,20,36,50.1
"""2021""",2021_7_2,Saltmarsh,Surface,115.9482779,-31.91759232,4.2,5.1,54.7,64,46.9,17,26.2,25
"""2021""",2021_7_3,Saltmarsh,Surface,115.9450881,-31.91813421,26.1,9.6,33.8,416,160.7,12,690.1,343.3
"""2021""",2021_7_4,Saltmarsh,Surface,115.9454621,-31.91780353,21.6,5,25.7,405,78.8,7,284,141.1
"""2021""",2021_7_5,Saltmarsh,Surface,115.9461901,-31.91796293,0.6,5,21.8,11,76.3,7,8.9,12.6
"""2021""",2021_8_1,Saltmarsh,Surface,115.9466114,-31.91811978,3.2,7.3,46,19,62.7,12,16.1,13.2
"""2021""",2021_8_2,Saltmarsh,Surface,115.9472157,-31.91798947,1.9,7.7,30.3,15,85.4,10,11.7,17.8
"""2021""",2021_8_3,Saltmarsh,Surface,115.94804,-31.91805043,0.9,15.5,65.1,59,212.9,25,33,53.5
"""2021""",2021_8_4,Saltmarsh,Surface,115.9483711,-31.91777351,4.7,8.8,61.3,52,126,22,35.6,82.5
"""2021""",2021_9_1,Saltmarsh,Surface,115.9462272,-31.9184143,5.2,11.9,49.3,47,202.8,17,21.8,59.7
"""2021""",2021_9_2,Saltmarsh,Surface,115.9468389,-31.91857273,5.9,4.4,26.5,13,55.1,6,9.3,13
"""2021""",2021_9_3,Saltmarsh,Surface,115.9472332,-31.91831438,1.8,12,66.8,41,119.6,27,26.8,47.3
"""2021""",2021_9_4,Saltmarsh,Surface,115.9476008,-31.91854296,3.6,8.8,60.9,28,39.3,27,21.3,17.3
"""2021""",2021_9_5,Saltmarsh,Surface,115.944892,-31.91863777,5.2,7.6,54.1,32,46.8,23,25.5,23.5
"""2021""",2021_10_1,Saltmarsh,Surface,115.9454088,-31.91876836,9.9,10.1,71.7,262,65.8,24,230.5,258
"""2021""",2021_10_2,Saltmarsh,Surface,115.9458225,-31.91866354,4.7,10.4,77.5,162,84,24,60.6,131.5
"""2021""",2021_10_3,Saltmarsh,Surface,115.9458225,-31.91866354,7.7,18.5,71.5,148,175.9,28,48.9,310.5
"""2021""",2021_10_4,Saltmarsh,Surface,115.9460656,-31.91867457,5.6,14.4,77.3,260,99.6,26,61.9,239.2
"""2021""",2021_10_5,Saltmarsh,Surface,115.9467923,-31.91895124,9.8,11.8,48.4,88,64.8,16,38.3,195.4
"""2021""",2021_10_6,Saltmarsh,Surface,115.9472902,-31.91888319,9.7,10.8,79,239,73.6,25,253.3,184.1
"""2021""",2021_10_7,Saltmarsh,Surface,115.9442843,-31.91905672,2.3,16.1,72.7,274,110.5,26,91.8,365.5
"""2021""",2021_1_1,Saltmarsh,Surface,115.9445347,-31.91936552,6.8,12.9,62.3,38,231.1,23,37.4,57.6
"""2021""",2021_1_2,Saltmarsh,Surface,115.9451794,-31.91940696,0.9,8.1,58,31,87.6,19,27,40.6
"""2021""",2021_1_3,Saltmarsh,Surface,115.9455279,-31.91945496,3.3,8.7,61.2,33,154.8,17,31.5,45.5
"""2021""",2021_1_4,Saltmarsh,Surface,115.9461098,-31.91944175,3,8.8,52.4,32,146.9,18,28,42.6
"""2021""",2021_1_5,Saltmarsh,Surface,115.9469669,-31.91940375,1.3,7.2,59.6,40,80.9,20,22,24.4
"""2021""",2021_2_1,Saltmarsh,Surface,115.9438228,-31.91964829,2.9,16.9,62.4,80,556.2,22,47.7,112
"""2021""",2021_2_2,Saltmarsh,Surface,115.9451124,-31.91971313,1.6,7.3,56.3,30,136.7,14,24.7,17.6
"""2021""",2021_2_3,Saltmarsh,Surface,115.9457266,-31.91965508,NA,6.1,54.4,28,78.3,14,24.8,21.7
"""2021""",2021_2_4,Saltmarsh,Surface,115.9462951,-31.91988533,NA,9.2,58.5,30,171.9,17,29,27.3
"""2021""",2021_2_5,Saltmarsh,Surface,115.946763,-31.91966367,2.8,9.4,56.9,25,57.9,28,22,21.4
"""2021""",2021_11_1,Lake_Sed,Surface,115.9443422,-31.91880461,7.3,17.1,71.4,654,74.3,31,72.9,322.8
"""2021""",2021_11_2,Lake_Sed,Surface,115.9444171,-31.91891348,4.7,14.6,73.4,221,83.5,26,71.2,335.1
"""2021""",2021_11_3,Lake_Sed,Surface,115.9444921,-31.91901334,NA,14,81.5,141,140.2,29,69.1,283.4
"""2021""",2021_11_4,Lake_Sed,Surface,115.9445671,-31.91912222,2.8,15.1,80.8,185,111.7,28,89,261.6
"""2021""",2021_11_5,Lake_Sed,Surface,115.944642,-31.91923109,4.6,11.5,69.5,201,96.8,24,48.8,153.7
"""2021""",2021_11_6,Drain_Sed,Surface,115.9427098,-31.91708601,NA,12.2,1.8,NA,6.9,2,4.5,825.2
"""2021""",2021_12_1,Drain_Sed,Surface,115.9428037,-31.91719505,0.4,11.9,4.1,2,19.7,3,15.5,891.5
"""2021""",2021_12_2,Drain_Sed,Surface,115.9428663,-31.91726774,4,56.3,11,12,263.9,7,13.5,2807
"""2021""",2021_12_3,Drain_Sed,Surface,115.942854,-31.917421,5.5,56.1,14.5,24,107.5,13,26.7,7556.4
"""2021""",2021_12_4,Drain_Sed,Surface,115.9427998,-31.91753783,9,63.2,20.2,33,181.7,17,39.5,7035
"""2021""",2021_12_5,Drain_Sed,Surface,115.9428508,-31.91770063,5.2,53.5,19.7,28,168.3,15,37.2,4786.3
"""2021""",2021_13_1,Drain_Sed,Surface,115.9420935,-31.91918283,0.9,2.5,20.4,37,16.1,8,23.1,233.5
"""2021""",2021_13_2,Drain_Sed,Surface,115.9420507,-31.91922758,4.4,6.8,58.1,63,40,18,50.9,236.9
"""2021""",2021_13_3,Drain_Sed,Surface,115.9420063,-31.91940764,7.8,17.5,42.2,79,78.4,18,32.9,873.4
"""2021""",2021_13_4,Drain_Sed,Surface,115.9450857,-31.91922,4.2,6.8,56.8,59,38.4,17,31.1,291.6
"""2022""",Group 1,Saltmarsh,Surface,115.9472459,-31.91719585,6.52,4.95,52.7,36.9,57.3,14.4,24.1,16.6
"""2022""",Group 2,Saltmarsh,Surface,115.947558,-31.91765852,9.24,6.87,54,39.4,93.6,20.1,22.5,34.9
"""2022""",Group 3,Saltmarsh,Surface,115.9467132,-31.91660506,16.51,6.52,16.5,128.7,85.6,6.6,82.4,126.1
"""2022""",Group 4,Saltmarsh,Surface,115.9457456,-31.9179863,7.73,11.61,62.6,247.5,86.3,27,83.1,243.7
"""2022""",Group 5,Saltmarsh,Surface,115.9453505,-31.91831681,9.39,9.79,63.4,251.3,66.2,23.7,93.7,212.4
"""2022""",Group 6,Saltmarsh,Surface,115.9450791,-31.918928,35.89,14.8,43.7,593.3,58.9,16.4,181.9,315.8
"""2022""",Group 7,Saltmarsh,Surface,115.9458074,-31.91906034,3.92,18.65,65.7,53,381.9,27.4,31.3,95.3
"""2022""",Group 8,Saltmarsh,Surface,115.9462643,-31.91887469,3.82,17.66,71.1,54.4,287.9,30.9,34.2,93
"""2022""",Group 9,Saltmarsh,Surface,115.9431966,-31.91891236,23.4,25.8,39.4,297.1,206.6,19,115.6,644.5
"""2022""",Group 10,Saltmarsh,Surface,115.9434367,-31.91918499,28.495,30.21,61.65,418.3,141,38.35,690.25,809.5
"""2022""",Group 11,Saltmarsh,Surface,115.9434482,-31.91910389,21.16,12.43,46,435.5,94.8,17.6,192,517.7
"""2022""",12,Drain_Sed,Surface,115.9473055,-31.91660996,12,13,39,57,75,13,43,246
"""2022""",13,Drain_Sed,Surface,115.9466182,-31.91659525,22,10.3,53,604,48,22,121,263
"""2022""",14,Drain_Sed,Surface,115.9457319,-31.91732764,5,11.4,66,135,47,31,49,91
"""2022""",15,Lake_Sed,Surface,115.9455309,-31.91733499,6,12.7,67,107,74,24,47,204
"""2022""",16,Lake_Sed,Surface,115.9458786,-31.91745515,6,13,70,106,73,25,44,198
"""2022""",16.2,Drain_Sed,Surface,115.9470219,-31.91643621,9,4.4,18,60,39,3,25,48.2
"""2022""",17,Other,Surface,115.9438956,-31.9169786,2,4.8,41,19,32,9,22,208
"""2022""",18,Other,Surface,115.944077,-31.91683577,3,5.1,49,32,34,11,141,121.1
"""2022""",19,Other,Surface,115.9440885,-31.91675467,3,3.2,45,21,36,8,24,60
"""2022""",20,Other,Surface,115.9439742,-31.91658232,7,2.9,36,13,42,5,18,30
"""2022""",21,Other,Surface,115.9442814,-31.91653976,7,5.6,47,20,45,6,23,198
"""2022""",22,Lake_Sed,Surface,115.9426271,-31.91784311,7,21.1,33,23,42,10,26,1160
"""2022""",23,Lake_Sed,Surface,115.9426484,-31.91782524,9,22.4,30,32,48,11,30,1398
"""2022""",24,Drain_Sed,Surface,115.9428671,-31.9172046,1,6.8,3,6,19,2,17,2783
"""2022""",25,Drain_Sed,Surface,115.9428246,-31.91722229,3,22.4,6,10,87,3,18,2643
"""2022""",26,Drain_Sed,Surface,115.9427307,-31.91710423,1,2.3,2,3,12,NA,62,150
"""2022""",27,Drain_Sed,Surface,115.9413665,-31.91801304,5,40.3,12,80,258,6,27,1632
"""2022""",29,Drain_Sed,Surface,115.9418768,-31.9187029,7,18.4,14,18,119,4,24,892
"""2022""",30,Drain_Sed,Surface,115.9422197,-31.91924703,9,36.8,13,33,97,8,46,5747
"""2022""",31,Drain_Sed,Surface,115.9422884,-31.91970769,6,17,41,28,99,11,25,496
"""2023""",1.1,Lake_Sed,Surface,115.94694,-31.9170941,8,5.5,56,93,50,18,39,40
"""2023""",1.2,Lake_Sed,Surface,115.946971,-31.9172297,11,7,62,98,77,19,23,27
"""2023""",1.3,Lake_Sed,Surface,115.94698,-31.917347,9,6.3,63,80,65,19,29,38
"""2023""",2.1,Lake_Sed,Surface,115.945663,-31.916876,12,10.9,52,72,109,19,33,91
"""2023""",2.2,Lake_Sed,Surface,115.945662,-31.9169662,9,12.2,59,89,76,29,35,156
"""2023""",2.3,Lake_Sed,Surface,115.945743,-31.9173007,7,14.5,68,142,69,38,47,197
"""2023""",3.1,Lake_Sed,Surface,115.944618,-31.9176251,7,11,58,199,79,21,40,206
"""2023""",3.2,Lake_Sed,Surface,115.944881,-31.9177446,6,12.7,61,270,124,23,49,286
"""2023""",3.3,Lake_Sed,Surface,115.945125,-31.9176925,6,10.2,46,200,84,18,38,169
"""2023""",4.1,Drain_Sed,Core,115.94466,-31.919538,4,12.1,67,45,215,22,39,64
"""2023""",4.2,Drain_Sed,Core,115.94466,-31.919538,8,10.2,74,33,174,22,36,24
"""2023""",4.3,Drain_Sed,Core,115.94466,-31.919538,9,6.5,69,24,102,15,21,18
"""2023""",4.4,Drain_Sed,Core,115.94466,-31.919538,2,2.3,24,7,57,5,8,6
"""2023""",5.1,Saltmarsh,Surface,115.941973,-31.9195517,6,6.1,60,45,47,19,34,141
"""2023""",5.2,Saltmarsh,Surface,115.941973,-31.9195697,4,5.9,59,44,46,17,37,144
"""2023""",5.3,Saltmarsh,Surface,115.941984,-31.9195067,6,10,61,43,134,19,34,230
"""2023""",5.4,Saltmarsh,Surface,115.941951,-31.9196237,6,10,57,38,191,19,31,221
"""2023""",5.5,Saltmarsh,Surface,115.941972,-31.919669,5,11.9,61,42,308,20,38,256
"""2023""",6.1,Saltmarsh,Core,115.94199,-31.9190015,6,8.7,55,72,46,17,41,282
"""2023""",6.2,Saltmarsh,Core,115.942201,-31.9190033,6,18.9,65,53,53,24,34,695
"""2023""",6.3,Saltmarsh,Core,115.942201,-31.9190033,5,11.8,46,40,38,18,22,397
"""2023""",6.4,Saltmarsh,Core,115.942201,-31.9190033,7,33.3,66,67,59,31,35,1018
"""2023""",7.1,Saltmarsh,Surface,115.941718,-31.9196669,5,11.7,60,41,229,20,37,190
"""2023""",7.2,Saltmarsh,Surface,115.941697,-31.9196667,5,11,58,40,224,20,36,258
"""2023""",7.3,Saltmarsh,Surface,115.941665,-31.9196393,7,15.6,62,43,375,22,37,232
"""2023""",7.4,Saltmarsh,Surface,115.941697,-31.9195945,6,13.3,74,48,116,24,40,259
"""2023""",7.5,Saltmarsh,Surface,115.941666,-31.9195311,6,7.3,54,42,41,18,37,217
"""2023""",8.1,Saltmarsh,Core,115.941991,-31.9188933,1,NA,3,NA,7,NA,1,3
"""2023""",8.2,Saltmarsh,Core,115.941991,-31.9188933,NA,0.4,1,NA,25,NA,2,1
"""2023""",8.3,Saltmarsh,Core,115.941991,-31.9188933,7,8,81,47,71,25,38,150
"""2023""",8.4,Saltmarsh,Core,115.941991,-31.9188933,4,7.5,76,48,60,23,41,148
"""2023""",8.5,Saltmarsh,Core,115.941991,-31.9188933,4,7.9,75,42,59,23,31,123
"""2023""",9.1,Saltmarsh,Surface,115.942203,-31.9188951,22,6.9,36,39,46,11,24,230
"""2023""",9.2,Saltmarsh,Surface,115.942212,-31.9190305,19,41.3,7,21,143,9,9,295
"""2023""",9.3,Saltmarsh,Surface,115.942179,-31.9190933,17,20,9,16,79,7,9,303
"""2023""",9.4,Saltmarsh,Surface,115.942253,-31.91913,12,21.3,13,30,117,10,13,394
"""2023""",9.5,Saltmarsh,Surface,115.94222,-31.9191929,6,9.2,18,30,63,8,23,289
"""2023""",10.1,Saltmarsh,Core,115.942629,-31.9185919,9,16.3,43,45,73,19,28,510
"""2023""",10.2,Saltmarsh,Core,115.942629,-31.9185919,6,10.8,67,49,60,22,36,310
"""2023""",10.3,Saltmarsh,Core,115.942629,-31.9185919,6,8.9,71,49,59,21,35,202
"""2023""",10.4,Saltmarsh,Core,115.942629,-31.9185919,7,7.7,69,41,54,19,34,153
"""2023""",10.5,Saltmarsh,Core,115.942629,-31.9185919,8,7.7,68,31,52,18,30,329
"""2023""",10.6,Saltmarsh,Core,115.942629,-31.9185919,10,9.1,62,23,52,17,30,824
"""2023""",11.1,Lake_Sed,Surface,115.946011,-31.9169691,11,6.8,56,123,53,20,53,76
"""2023""",11.2,Lake_Sed,Surface,115.946003,-31.9167435,7,10.2,61,63,88,27,36,77
"""2023""",11.3,Lake_Sed,Surface,115.946395,-31.9167107,8,11.4,57,101,136,22,57,150
"""2023""",11.4,Lake_Sed,Surface,115.946575,-31.916631,24,7.6,28,444,77,8,114,438
"""2023""",11.5,Lake_Sed,Surface,115.946631,-31.9163879,7,10.6,69,89,206,22,49,102
"""2023""",12.1,Lake_Sed,Surface,115.944839,-31.9167609,4,5,34,32,38,12,21,40
"""2023""",12.2,Lake_Sed,Surface,115.944858,-31.9170046,9,17,46,121,82,20,29,342
"""2023""",12.3,Lake_Sed,Surface,115.945072,-31.9167448,3,2,13,19,58,4,9,51
"""2023""",12.4,Lake_Sed,Surface,115.945071,-31.9168801,6,10,49,79,183,23,31,121
"""2023""",12.5,Lake_Sed,Surface,115.945111,-31.9170879,5,12,50,118,104,23,37,271
"""2023""",13.1,Other,Surface,115.944523,-31.9166861,7,4,27,24,56,7,22,150
"""2023""",13.2,Other,Surface,115.944523,-31.9166861,10,6,47,38,46,16,34,238
"""2023""",13.3,Other,Surface,115.942434,-31.91804,6,3,47,34,29,10,32,91
"""2023""",13.4,Other,Surface,115.942434,-31.91804,5,4,42,37,34,10,33,128
"""2023""",13.5,Other,Surface,115.942434,-31.91804,2,4,9,5,82,1,14,97
"""2023""",14.1,Other,Surface,115.946397,-31.9165393,5,11,58,56,304,19,54,79
"""2023""",14.2,Other,Surface,115.946377,-31.9164489,5,13,61,44,358,21,47,106
"""2023""",14.3,Other,Surface,115.946386,-31.9165933,4,10,54,43,315,17,69,83
"""2023""",14.4,Other,Surface,115.946258,-31.9166103,6,12,68,49,414,23,45,76
"""2023""",14.5,Other,Surface,115.946164,-31.9165283,4,3,24,18,98,7,48,55
"""2023""",15.1,Saltmarsh,Surface,115.942353,-31.9195819,8,10,55,110,50,18,42,230
"""2023""",15.2,Saltmarsh,Surface,115.942545,-31.9194482,8,21,72,82,438,24,52,212
"""2023""",15.3,Saltmarsh,Surface,115.942727,-31.9193144,8,22,70,59,270,25,46,237
"""2023""",16.1,Saltmarsh,Surface,115.941318,-31.9194831,3,5,47,53,46,16,29,104
"""2023""",16.2,Saltmarsh,Surface,115.9422,-31.9191476,5,4,29,39,40,10,25,167
"""2023""",16.3,Saltmarsh,Surface,115.941316,-31.9196274,3,6,50,54,53,16,29,153
"""2023""",16.4,Saltmarsh,Surface,115.941315,-31.9196996,5,8,52,50,81,17,28,109
"""2023""",16.5,Saltmarsh,Surface,115.941455,-31.9195293,3,6,60,56,52,19,31,161
"""2023""",16.6,Saltmarsh,Surface,115.941826,-31.9194873,6,5,32,37,55,11,23,124
"""2023""",17.1,Lake_Sed,Core,115.947092,-31.9167616,10,6,36,112,43,10,64,127
"""2023""",17.2,Lake_Sed,Core,115.94722,-31.9167175,11,4,28,72,34,8,38,79
